name,version,classes,attempted,succeeded,errors,bytecode,no_numbers,numbered,matched,mismatched,suppressed,comment_agreement_percent,known_line_placement_percent
commons-lang3,3.20.0,403,403,403,0,0,72,15139,15139,0,650,100.0,95.88320982962823
commons-io,2.21.0,383,383,383,0,0,54,8233,8233,0,52,100.0,99.37235968617985
commons-collections4,4.4,524,524,524,0,1,53,14031,14031,0,82,100.0,99.41897541274002
commons-codec,1.19.0,108,108,108,0,0,14,4550,4550,0,14,100.0,99.69325153374233
commons-compress,1.28.0,553,553,553,0,2,77,22728,22728,0,1330,100.0,94.47169340759831
jsoup,1.16.2,258,258,258,0,7,19,10380,10380,0,438,100.0,95.95119245701608
ecj,3.44.0,807,807,807,0,36,81,88027,88027,0,26399,100.0,76.92919441385699
guava,12.0,1332,1332,1330,2,2,133,29766,29766,0,14,100.0,99.95298858294157
gson,2.13.2,198,198,198,0,1,36,5188,5188,0,6,100.0,99.88448209472469
jackson-databind,2.15.3,756,756,756,0,6,107,33643,33643,0,947,100.0,97.26221451286499
log4j-core,2.20.0,1164,1164,1164,0,1,244,29052,29052,0,73,100.0,99.74935622317597
slf4j-api,2.0.17,55,55,55,0,0,17,1179,1179,0,0,100.0,100.0
junit,4.13.2,350,350,350,0,0,69,4339,4339,0,11,100.0,99.74712643678161
asm,9.9,38,38,38,0,0,1,3781,3781,0,1352,100.0,73.66062731346192
plantuml,1.2023.12,3543,3543,3543,0,0,436,114491,114491,0,1547,100.0,98.66681604302039
org.eclipse.jdt.core,3.36.0,1413,1413,1390,23,51,223,98597,98597,0,18489,100.0,84.20904292571272
