name,version,classes,attempted,succeeded,errors,numbered,matched,mismatched,suppressed,bytecode,no_numbers,comment_agreement_percent,before_known_line_placement_percent,known_line_placement_percent,before_suppressed
commons-lang3,3.20.0,403,403,403,0,15494,15494,0,290,0,72,100.0,95.88320982962823,98.16269640141915,650
commons-io,2.21.0,383,383,383,0,8333,8333,0,0,0,54,100.0,99.37235968617985,100.0,52
commons-collections4,4.4,524,524,524,0,14069,14069,0,51,1,53,100.0,99.41897541274002,99.63881019830028,82
commons-codec,1.19.0,108,108,108,0,4565,4565,0,0,0,14,100.0,99.69325153374233,100.0,14
commons-compress,1.28.0,553,553,553,0,24075,24075,0,47,2,77,100.0,94.47169340759831,99.80515711798358,1330
jsoup,1.16.2,258,258,258,0,10845,10845,0,0,7,19,100.0,95.95119245701608,100.0,438
ecj,3.44.0,807,807,807,0,107742,107742,0,6786,36,81,100.0,76.92919441385699,94.07481139983236,26399
guava,12.0,1332,1332,1330,2,29778,29778,0,2,2,133,100.0,99.95298858294157,99.99328408327737,14
gson,2.13.2,198,198,198,0,5224,5224,0,1,1,35,100.0,99.88448209472469,99.98086124401914,6
jackson-databind,2.15.3,756,756,756,0,33979,33979,0,738,6,107,100.0,97.26221451286499,97.87424028573898,947
log4j-core,2.20.0,1164,1164,1164,0,29422,29422,0,13,1,244,100.0,99.74935622317597,99.95583489043655,73
slf4j-api,2.0.17,55,55,55,0,1179,1179,0,0,0,17,100.0,100.0,100.0,0
junit,4.13.2,350,350,350,0,4339,4339,0,11,0,69,100.0,99.74712643678161,99.74712643678161,11
asm,9.9,38,38,38,0,5222,5222,0,0,0,1,100.0,73.66062731346192,100.0,1352
plantuml,1.2023.12,3543,3543,3543,0,115258,115258,0,1495,0,436,100.0,98.66681604302039,98.71951898452288,1547
org.eclipse.jdt.core,3.36.0,1413,1413,1390,23,111832,111832,0,5310,51,222,100.0,84.20904292571272,95.46704000273172,18489
